Code	Country	Imports	Exports	Hub Score	Autority Score
AUS	Australia	1283	1264	0.01315202043004521	0.01645423305501113
AUT	Austria	1686	1180	0.013830656208361995	0.021415014520155953
CAN	Canada	4328	4839	0.07765109180272159	0.08163597254828894
DNK	Denmark	1434	1191	0.012544366066571711	0.013892333762424627
FIN	Finland	869	882	0.00791199266987312	0.008288685777791287
FRA	France	7951	6923	0.07600141866362481	0.0869098201217761
DEU	Germany	11942	12875	0.12070431017511526	0.10289252466607479
GRC	Greece	704	324	0.004360622032061897	0.007901828419868242
ISL	Iceland	73	66	0.00077206329019292	0.0006514098949302987
IRL	Ireland	835	639	0.007980510703058307	0.009161285507154934
ITA	Italy	5635	4854	0.058897394365509205	0.0631347067397047
JPN	Japan	4841	6573	0.07921394221465264	0.057799598179800335
NLD	Netherlands	5165	5198	0.06576599594668883	0.061938281847801785
NOR	Norway	1233	1582	0.018637522307043228	0.01120625576563288
PRT	Portugal	585	334	0.0037315993953434775	0.006394435371704027
ESP	Spain	1714	1299	0.015422784385299244	0.02028699845902054
SWE	Sweden	2227	2177	0.020046539963397475	0.021662989057074384
CHE	Switzerland	2817	2114	0.024555795417099884	0.033801210313180056
TUR	Turkey	317	164	0.0019419942626762432	0.0036200673851293813
GBR	United Kingdom	7343	6947	0.06989307646900425	0.07368885241558636
USA	United States	12415	15373	0.14982268314354485	0.11252883559887097
BEL	Belgium	4876	4331	0.05611791392648809	0.061977019382674435
HUN	Hungary	268	230	0.002662386616878155	0.00284405015138503
KOR	Korea	1017	920	0.012922344188948637	0.015202113508395279
LUX	Luxembourg	2	2	7.272804928733606e-06	1.3419463258049651e-05
MEX	Mexico	1708	1388	0.0231697503162912	0.03200106138280814
NZL	New Zealand	285	340	0.0038104938105853387	0.002843186463708389
POL	Poland	527	452	0.005058293602415728	0.005955728886027741
BRA	Brazil	873	1078	0.014116249861488604	0.013501204317834114
CHL	Chile	246	259	0.003420446401851324	0.0038348876954694194
CHN	China (People's Republic of)	1100	715	0.008300110827820947	0.01510045234810175
COL	Colombia	291	294	0.0040448903992140114	0.004637310131647774
IND	India	533	403	0.005294525537486347	0.007113978347790853
ISR	Israel	414	316	0.004189727074470035	0.0060654949498610755
ZAF	South Africa	1011	1022	0.014047214719246871	0.013644753564056384
